﻿WIND_DIR,WIND_SPEED,TEMPERATURE,DRON_TYPE,ROUTE,BATTERY_USAGE,FLIGHT_TIME
15,0.8,0,PANDION19_A,1,4.76,9
295,4,1,PANDION19_A,1,4.98,10
266,1.5,8,PANDION19_A,1,5.06,11
309,1.4,-2,PANDION19_A,1,4.53,10
NULL,NULL,NULL,PANDION19_A,1,5.14,10
NULL,NULL,NULL,PANDION19_A,1,5.34,11
153,0.45,14,PANDION19_A,2,5.22,11
233,0.89,14.5,PANDION19_A,2,4.77,10
33,0.67,14,PANDION19_A,2,4.73,10
83,2.3,11,GD-230T_A,1,3.36,14
259,1.5,5.1,GD-230T_A,1,3.74,11
193,3.58,14,GD230T_B,2,3.47,11
233,0.22,14.2,GD230T_B,2,3.41,11
