﻿WIND_DIR,WIND_SPEED,TEMPERATURE,DRON_TYPE,ROUTE,BATTERY_USAGE,FLIGHT_TIME
0,0,0,PANDION19_A,0,5.24,12
324,3.6,7,PANDION19_A,0,5.49,11
283,0.9,6,PANDION19_A,0,5.36,11
312,4.3,-2,PANDION19_A,0,5.48,12
322,3.1,3,PANDION19_A,0,5.46,11
345,3.3,0,PANDION19_A,0,5.62,13
218,0.4,0,PANDION19_A,0,5.64,12
322,2.8,0,PANDION19_A,0,5.34,12
339,1.6,0,PANDION19_A,0,5.65,12
191,0.8,0,PANDION19_A,0,5.35,12
204,0.2,0,PANDION19_A,0,5.54,12
232,0.5,0.2,PANDION19_A,0,5.44,11
215,1.6,3.1,PANDION19_A,0,5.48,12
211,0.5,0,PANDION19_A,0,5.54,12
234,4,12.3,PANDION19_A,0,5.18,11
234,4,12.3,PANDION19_A,0,5.34,12
235,4,11.7,PANDION19_A,0,5.12,11
